Time,Trace 0,Trace 1,Trace 2
0.101010101,0.10083842,0.200648857,0.393136612
0.202020202,0.200648857,0.39316612,0.722962561
0.303030303,0.300459294,0.569634107,0.936362725
